rank|id|title|original_language|overview|poster|backdrop|popularity|vote_average|vote_count|created_date
1|238|The Godfather|en|Spanning the years 1945 to 1955, a chronicle of the fictional Italian-American Corleone crime family. When organized crime family patriarch, Vito Corleone barely survives an attempt on his life, his youngest son, Michael steps in to take care of the would-be killers, launching a campaign of bloody revenge.|https://image.tmdb.org/t/p/original/3bhkrj58Vtu7enYsRolD1fZdja1.jpg|https://image.tmdb.org/t/p/original/tmU7GeKVybMWFButWEGl2M4GeiP.jpg|108.893|8.7|18708|2023-10-05 23:17:57
2|278|The Shawshank Redemption|en|Framed in the 1940s for the double murder of his wife and her lover, upstanding banker Andy Dufresne begins a new life at the Shawshank prison, where he puts his accounting skills to work for an amoral warden. During his long stretch in prison, Dufresne comes to be admired by the other inmates -- including an older prisoner named Red -- for his integrity and unquenchable sense of hope.|https://image.tmdb.org/t/p/original/lyQBXzOQSuE59IsHyhrp0qIiPAz.jpg|https://image.tmdb.org/t/p/original/kXfqcdQKsToO0OUXHcrrNCHDBzO.jpg|98.625|8.7|24686|2023-10-05 23:17:57
3|240|The Godfather Part II|en|In the continuing saga of the Corleone crime family, a young Vito Corleone grows up in Sicily and in 1910s New York. In the 1950s, Michael Corleone attempts to expand the family business into Las Vegas, Hollywood and Cuba.|https://image.tmdb.org/t/p/original/hek3koDUyRQk7FIhPXsa6mT2Zc3.jpg|https://image.tmdb.org/t/p/original/kGzFbGhp99zva6oZODW5atUtnqi.jpg|81.745|8.6|11311|2023-10-05 23:17:57
4|424|Schindler's List|en|The true story of how businessman Oskar Schindler saved over a thousand Jewish lives from the Nazis while they worked as slaves in his factory during World War II.|https://image.tmdb.org/t/p/original/sF1U4EUQS8YHUYjNl3pMGNIQyr0.jpg|https://image.tmdb.org/t/p/original/zb6fM1CX41D9rF9hdgclu0peUmy.jpg|58.783|8.6|14619|2023-10-05 23:17:57
5|19404|Dilwale Dulhania Le Jayenge|hi|Raj is a rich, carefree, happy-go-lucky second generation NRI. Simran is the daughter of Chaudhary Baldev Singh, who in spite of being an NRI is very strict about adherence to Indian values. Simran has left for India to be married to her childhood fiancé. Raj leaves for India with a mission at his hands, to claim his lady love under the noses of her whole family. Thus begins a saga.|https://image.tmdb.org/t/p/original/ktejodbcdCPXbMMdnpI9BUxW6O8.jpg|https://image.tmdb.org/t/p/original/vI3aUGTuRRdM7J78KIdW98LdxE5.jpg|28.976|8.6|4257|2023-10-05 23:17:57
6|389|12 Angry Men|en|The defense and the prosecution have rested and the jury is filing into the jury room to decide if a young Spanish-American is guilty or innocent of murdering his father. What begins as an open and shut case soon becomes a mini-drama of each of the jurors' prejudices and preconceptions about the trial, the accused, and each other.|https://image.tmdb.org/t/p/original/ow3wq89wM8qd5X7hWKxiRfsFf9C.jpg|https://image.tmdb.org/t/p/original/qqHQsStV6exghCM7zbObuYBiYxw.jpg|37.125|8.5|7676|2023-10-05 23:17:57
7|129|Spirited Away|ja|A young girl, Chihiro, becomes trapped in a strange new world of spirits. When her parents undergo a mysterious transformation, she must call upon the courage she never knew she had to free her family.|https://image.tmdb.org/t/p/original/39wmItIWsg5sZMyRUHLkWBcuVCM.jpg|https://image.tmdb.org/t/p/original/Ab8mkHmkYADjU7wQiOkia9BzGvS.jpg|71.986|8.5|14929|2023-10-05 23:17:57
8|496243|Parasite|ko|All unemployed, Ki-taek's family takes peculiar interest in the wealthy and glamorous Parks for their livelihood until they get entangled in an unexpected incident.|https://image.tmdb.org/t/p/original/7IiTTgloJzvGI1TAYymCfbfl3vT.jpg|https://image.tmdb.org/t/p/original/hiKmpZMGZsrkA3cdce8a7Dpos1j.jpg|75.43|8.5|16450|2023-10-05 23:17:57
9|372058|Your Name.|ja|High schoolers Mitsuha and Taki are complete strangers living separate lives. But one night, they suddenly switch places. Mitsuha wakes up in Taki’s body, and he in hers. This bizarre occurrence continues to happen randomly, and the two must adjust their lives around each other.|https://image.tmdb.org/t/p/original/q719jXXEzOoYaps6babgKnONONX.jpg|https://image.tmdb.org/t/p/original/dIWwZW7dJJtqC6CgWzYkNVKIUm8.jpg|73.957|8.5|10321|2023-10-05 23:17:57
10|155|The Dark Knight|en|Batman raises the stakes in his war on crime. With the help of Lt. Jim Gordon and District Attorney Harvey Dent, Batman sets out to dismantle the remaining criminal organizations that plague the streets. The partnership proves to be effective, but they soon find themselves prey to a reign of chaos unleashed by a rising criminal mastermind known to the terrified citizens of Gotham as the Joker.|https://image.tmdb.org/t/p/original/qJ2tW6WMUDux911r6m7haRef0WH.jpg|https://image.tmdb.org/t/p/original/dqK9Hag1054tghRQSqLSfrkvQnA.jpg|110.07|8.5|30657|2023-10-05 23:17:57
11|497|The Green Mile|en|A supernatural tale set on death row in a Southern prison, where gentle giant John Coffey possesses the mysterious power to heal people's ailments. When the cell block's head guard, Paul Edgecomb, recognizes Coffey's miraculous gift, he tries desperately to help stave off the condemned man's execution.|https://image.tmdb.org/t/p/original/8VG8fDNiy50H4FedGwdSVUPoaJe.jpg|https://image.tmdb.org/t/p/original/l6hQWH9eDksNJNiXWYRkWqikOdu.jpg|63.732|8.5|15965|2023-10-05 23:17:57
12|680|Pulp Fiction|en|A burger-loving hit man, his philosophical partner, a drug-addled gangster's moll and a washed-up boxer converge in this sprawling, comedic crime caper. Their adventures unfurl in three stories that ingeniously trip back and forth in time.|https://image.tmdb.org/t/p/original/d5iIlFn5s0ImszYzBPb8JPIfbXD.jpg|https://image.tmdb.org/t/p/original/suaEOtk1N1sgg2MTM7oZd2cfVp3.jpg|96.642|8.5|25929|2023-10-05 23:17:57
13|13|Forrest Gump|en|A man with a low IQ has accomplished great things in his life and been present during significant historic events—in each case, far exceeding what anyone imagined he could do. But despite all he has achieved, his one true love eludes him.|https://image.tmdb.org/t/p/original/arw2vcBveWOVZr6pxd9XTd1TdQa.jpg|https://image.tmdb.org/t/p/original/qdIMHd4sEfJSckfVJfKQvisL02a.jpg|68.638|8.5|25444|2023-10-05 23:17:57
14|122|The Lord of the Rings: The Return of the King|en|Aragorn is revealed as the heir to the ancient kings as he, Gandalf and the other members of the broken fellowship struggle to save Gondor from Sauron's forces. Meanwhile, Frodo and Sam take the ring closer to the heart of Mordor, the dark lord's realm.|https://image.tmdb.org/t/p/original/rCzpDGLbOoPwLjy3OAm5NUPOTrC.jpg|https://image.tmdb.org/t/p/original/2u7zbn8EudG6kLlBzUYqP8RyFU4.jpg|79.668|8.5|22366|2023-10-05 23:17:57
15|429|The Good, the Bad and the Ugly|it|While the Civil War rages on between the Union and the Confederacy, three men – a quiet loner, a ruthless hitman, and a Mexican bandit – comb the American Southwest in search of a strongbox containing $200,000 in stolen gold.|https://image.tmdb.org/t/p/original/bX2xnavhMYjWDoZp1VM6VnU1xwe.jpg|https://image.tmdb.org/t/p/original/eoCSp75lxatmIa6aGqfnzwtbttd.jpg|63.148|8.5|7763|2023-10-05 23:17:57
16|769|GoodFellas|en|The true story of Henry Hill, a half-Irish, half-Sicilian Brooklyn kid who is adopted by neighbourhood gangsters at an early age and climbs the ranks of a Mafia family under the guidance of Jimmy Conway.|https://image.tmdb.org/t/p/original/aKuFiU82s5ISJpGZp7YkIr3kCUd.jpg|https://image.tmdb.org/t/p/original/sw7mordbZxgITU877yTpZCud90M.jpg|49.333|8.5|11746|2023-10-05 23:17:57
17|12477|Grave of the Fireflies|ja|In the final months of World War II, 14-year-old Seita and his sister Setsuko are orphaned when their mother is killed during an air raid in Kobe, Japan. After a falling out with their aunt, they move into an abandoned bomb shelter. With no surviving relatives and their emergency rations depleted, Seita and Setsuko struggle to survive.|https://image.tmdb.org/t/p/original/k9tv1rXZbOhH7eiCk378x61kNQ1.jpg|https://image.tmdb.org/t/p/original/gwj4R8Uy1GwejKqfofREKI9Jh7L.jpg|0.6|8.5|4868|2023-10-05 23:17:57
18|637|Life Is Beautiful|it|A touching story of an Italian book seller of Jewish ancestry who lives in his own little fairy tale. His creative and happy life would come to an abrupt halt when his entire family is deported to a concentration camp during World War II. While locked up he tries to convince his son that the whole thing is just a game.|https://image.tmdb.org/t/p/original/mfnkSeeVOBVheuyn2lo4tfmOPQb.jpg|https://image.tmdb.org/t/p/original/gavyCu1UaTaTNPsVaGXT6pe5u24.jpg|43.085|8.5|12237|2023-10-05 23:17:57
19|346|Seven Samurai|ja|A samurai answers a village's request for protection after he falls on hard times. The town needs protection from bandits, so the samurai gathers six others to help him teach the people how to defend themselves, and the villagers provide the soldiers with food.|https://image.tmdb.org/t/p/original/8OKmBV5BUFzmozIC3pPWKHy17kx.jpg|https://image.tmdb.org/t/p/original/qvZ91FwMq6O47VViAr8vZNQz3WI.jpg|32.304|8.5|3236|2023-10-05 23:17:57
20|11216|Cinema Paradiso|it|A filmmaker recalls his childhood, when he fell in love with the movies at his village's theater and formed a deep friendship with the theater's projectionist.|https://image.tmdb.org/t/p/original/8SRUfRUi6x4O68n0VCbDNRa6iGL.jpg|https://image.tmdb.org/t/p/original/zoVeIgKzGJzpdG6Gwnr7iOYfIMU.jpg|30.847|8.5|3962|2023-10-05 23:17:57
21|696374|Gabriel's Inferno|en|An intriguing and sinful exploration of seduction, forbidden love, and redemption, Gabriel's Inferno is a captivating and wildly passionate tale of one man's escape from his own personal hell as he tries to earn the impossible--forgiveness and love.|https://image.tmdb.org/t/p/original/oyG9TL7FcRP4EZ9Vid6uKzwdndz.jpg|https://image.tmdb.org/t/p/original/w2uGvCpMtvRqZg6waC1hvLyZoJa.jpg|11.844|8.4|2365|2023-10-05 23:17:57
22|667257|Impossible Things|es|Matilde is a woman who, after the death of her husband - a man who constantly abused her - finds her new best friend in Miguel, her young, insecure, disoriented and even dealer neighbor|https://image.tmdb.org/t/p/original/t2Ew8NZ8Ci2kqmoecZUNQUFDJnQ.jpg|https://image.tmdb.org/t/p/original/bxSBOAD8AuMHYMdW3jso9npAkgt.jpg|10.497|8.4|359|2023-10-05 23:17:57
23|550|Fight Club|en|A ticking-time-bomb insomniac and a slippery soap salesman channel primal male aggression into a shocking new form of therapy. Their concept catches on, with underground fight clubs forming in every town, until an eccentric gets in the way and ignites an out-of-control spiral toward oblivion.|https://image.tmdb.org/t/p/original/pB8BM7pdSp6B6Ih7QZ4DrQ3PmJK.jpg|https://image.tmdb.org/t/p/original/hZkgoQYus5vegHoetLkCJzb17zJ.jpg|85.79|8.4|27270|2023-10-05 23:17:57
24|772071|Cuando Sea Joven|es|70-year-old Malena gets a second chance at life when she magically turns into her 22-year-old self. Now, posing as Maria to hide her true identity, she becomes the lead singer of her grandson's band and tries to recover her dream of singing, which she had to give up at some point.|https://image.tmdb.org/t/p/original/6gIJuFHh5Lj4dNaPG3TzIMl7L68.jpg|https://image.tmdb.org/t/p/original/ejnlCzBd5pOGAYCpxC93NXSrdrz.jpg|10.198|8.4|256|2023-10-05 23:17:57
25|539|Psycho|en|When larcenous real estate clerk Marion Crane goes on the lam with a wad of cash and hopes of starting a new life, she ends up at the notorious Bates Motel, where manager Norman Bates cares for his housebound mother.|https://image.tmdb.org/t/p/original/yz4QVqPx3h1hD1DfqqQkCq3rmxW.jpg|https://image.tmdb.org/t/p/original/uif5fUshJrXyyDzfpzp1DLw3N0S.jpg|45.878|8.4|9287|2023-10-05 23:17:57
26|569094|Spider-Man: Across the Spider-Verse|en|After reuniting with Gwen Stacy, Brooklyn’s full-time, friendly neighborhood Spider-Man is catapulted across the Multiverse, where he encounters the Spider Society, a team of Spider-People charged with protecting the Multiverse’s very existence. But when the heroes clash on how to handle a new threat, Miles finds himself pitted against the other Spiders and must set out on his own to save those he loves most.|https://image.tmdb.org/t/p/original/8Vt6mWEReuy4Of61Lnj5Xj704m8.jpg|https://image.tmdb.org/t/p/original/4HodYYKEIsGOdinkGi2Ucz6X9i0.jpg|480.62|8.4|4452|2023-10-05 23:17:57
27|704264|Primal: Tales of Savagery|en|Genndy Tartakovsky's Primal: Tales of Savagery features a caveman and a dinosaur on the brink of extinction. Bonded by tragedy, this unlikely friendship becomes the only hope of survival.|https://image.tmdb.org/t/p/original/9NBBkdxH0TjQEBSN2AzeE1sgsF9.jpg|https://image.tmdb.org/t/p/original/uBZQOYZLIU9dBmd62fdzBAoropu.jpg|12.93|8.4|287|2023-10-05 23:17:57
28|598|City of God|pt|In the slums of Rio, two kids' paths diverge as one struggles to become a photographer and the other a kingpin.|https://image.tmdb.org/t/p/original/k7eYdWvhYQyRQoU2TB2A2Xu2TfD.jpg|https://image.tmdb.org/t/p/original/5p3aTxtUtZHCHwYsuycutmxIhND.jpg|39.21|8.4|6713|2023-10-05 23:17:57
29|311|Once Upon a Time in America|en|A former Prohibition-era Jewish gangster returns to the Lower East Side of Manhattan over thirty years later, where he once again must confront the ghosts and regrets of his old life.|https://image.tmdb.org/t/p/original/i0enkzsL5dPeneWnjl1fCWm6L7k.jpg|https://image.tmdb.org/t/p/original/uPYa165sraN2c8gZBM9C47g3JoU.jpg|50.511|8.4|4870|2023-10-05 23:17:57
30|724089|Gabriel's Inferno: Part II|en|Professor Gabriel Emerson finally learns the truth about Julia Mitchell's identity, but his realization comes a moment too late. Julia is done waiting for the well-respected Dante specialist to remember her and wants nothing more to do with him. Can Gabriel win back her heart before she finds love in another's arms?|https://image.tmdb.org/t/p/original/x5o8cLZfEXMoZczTYWLrUo1P7UJ.jpg|https://image.tmdb.org/t/p/original/jtAI6OJIWLWiRItNSZoWjrsUtmi.jpg|11.009|8.4|1484|2023-10-05 23:17:57
31|620249|The Legend of Hei|zh|When cat spirit Luo Xiaohei's home is deforested by humans, he must find a new one. He runs into a group of other spirit creatures who take him under their wing with dreams of reconquering the land they say is rightfully theirs. However, they run into a human known as Wuxian who separates Luo Xiaohei from the other spirits and the two go on a journey, with the cat spirit learning to control his abilities as well as forming his own thoughts on whether or not he should ally with the spirits or the humans.|https://image.tmdb.org/t/p/original/aLv87NgRJUPkQ6sVLP72IisDdt4.jpg|https://image.tmdb.org/t/p/original/aVFx1VtlOxR3v0ADEatalXOvwbu.jpg|22.484|8.4|304|2023-10-05 23:17:57
32|372754|Dou kyu sei – Classmates|ja|Rihito Sajo, an honor student with a perfect score on the entrance exam and Hikaru Kusakabe, in a band and popular among girls, would have never crossed paths. Until one day they started talking at the practice for their school’s upcoming chorus festival. After school, the two meet regularly, as Hikaru helps Rihito to improve his singing skills. While they listen to each other’s voice and harmonize, their hearts start to beat together.|https://image.tmdb.org/t/p/original/cIfRCA5wEvj9tApca4UDUagQEiM.jpg|https://image.tmdb.org/t/p/original/3RMLbSEXOn1CzLoNT7xFeLfdxhq.jpg|13.635|8.4|323|2023-10-05 23:17:57
33|510|One Flew Over the Cuckoo's Nest|en|A petty criminal fakes insanity to serve his sentence in a mental ward rather than prison. He soon finds himself as a leader to the other patients—and an enemy to the cruel, domineering nurse who runs the ward.|https://image.tmdb.org/t/p/original/3jcbDmRFiQ83drXNOvRDeKHxS0C.jpg|https://image.tmdb.org/t/p/original/qUq3QTr2KLvGIcN0GaaaYx9bbyH.jpg|52.489|8.4|9661|2023-10-05 23:17:57
34|157336|Interstellar|en|The adventures of a group of explorers who make use of a newly discovered wormhole to surpass the limitations on human space travel and conquer the vast distances involved in an interstellar voyage.|https://image.tmdb.org/t/p/original/gEU2QniE6E77NI6lCU6MxlNBvIx.jpg|https://image.tmdb.org/t/p/original/xJHokMbljvjADYdit5fK5VQsXEG.jpg|116.816|8.4|32606|2023-10-05 23:17:57
35|568332|Taylor Swift: Reputation Stadium Tour|en|Taylor Swift takes the stage in Dallas for the Reputation Stadium Tour and celebrates a monumental night of music, memories and visual magic.|https://image.tmdb.org/t/p/original/u6oXUTtOuJRPdUgUuPAVVJPSKCo.jpg|https://image.tmdb.org/t/p/original/ySaK6hpbCc2OE13ac7ovhgWwR5u.jpg|15.984|8.4|303|2023-10-05 23:17:57
36|14537|Harakiri|ja|Down-on-his-luck veteran Tsugumo Hanshirō enters the courtyard of the prosperous House of Iyi. Unemployed, and with no family, he hopes to find a place to commit seppuku—and a worthy second to deliver the coup de grâce in his suicide ritual. The senior counselor for the Iyi clan questions the ronin’s resolve and integrity, suspecting Hanshirō of seeking charity rather than an honorable end. What follows is a pair of interlocking stories which lay bare the difference between honor and respect, and promises to examine the legendary foundations of the Samurai code.|https://image.tmdb.org/t/p/original/w7pWcLaYQkbtRUn99K6ome0DblL.jpg|https://image.tmdb.org/t/p/original/nC3IjYhUgZWgfKfFX0ygMigFwgc.jpg|22.241|8.4|840|2023-10-05 23:17:57
37|761053|Gabriel's Inferno: Part III|en|The final part of the film adaption of the erotic romance novel Gabriel's Inferno written by an anonymous Canadian author under the pen name Sylvain Reynard.|https://image.tmdb.org/t/p/original/fYtHxTxlhzD4QWfEbrC1rypysSD.jpg|https://image.tmdb.org/t/p/original/fQq1FWp1rC89xDrRMuyFJdFUdMd.jpg|20.657|8.4|1026|2023-10-05 23:17:57
38|324857|Spider-Man: Into the Spider-Verse|en|Struggling to find his place in the world while juggling school and family, Brooklyn teenager Miles Morales is unexpectedly bitten by a radioactive spider and develops unfathomable powers just like the one and only Spider-Man. While wrestling with the implications of his new abilities, Miles discovers a super collider created by the madman Wilson Kingpin Fisk, causing others from across the Spider-Verse to be inadvertently transported to his dimension.|https://image.tmdb.org/t/p/original/iiZZdoQBEYBv6id8su7ImL0oCbD.jpg|https://image.tmdb.org/t/p/original/qGQf2OHIkoh89K8XeKQzhxczf96.jpg|84.113|8.4|14040|2023-10-05 23:17:57
39|378064|A Silent Voice: The Movie|ja|Shouya Ishida starts bullying the new girl in class, Shouko Nishimiya, because she is deaf. But as the teasing continues, the rest of the class starts to turn on Shouya for his lack of compassion. When they leave elementary school, Shouko and Shouya do not speak to each other again... until an older, wiser Shouya, tormented by his past behaviour, decides he must see Shouko once more. He wants to atone for his sins, but is it already too late...?|https://image.tmdb.org/t/p/original/tuFaWiqX0TXoWu7DGNcmX3UW7sT.jpg|https://image.tmdb.org/t/p/original/5lAMQMWpXMsirvtLLvW7cJgEPkU.jpg|40.417|8.4|3569|2023-10-05 23:17:57
40|4935|Howl's Moving Castle|ja|Sophie, a young milliner, is turned into an elderly woman by a witch who enters her shop and curses her. She encounters a wizard named Howl and gets caught up in his resistance to fighting for the king.|https://image.tmdb.org/t/p/original/6pZgH10jhpToPcf0uvyTCPFhWpI.jpg|https://image.tmdb.org/t/p/original/nv5wwZou159v5OC61i4ElR7OqyY.jpg|73.943|8.4|8734|2023-10-05 23:17:57
41|120|The Lord of the Rings: The Fellowship of the Ring|en|Young hobbit Frodo Baggins, after inheriting a mysterious ring from his uncle Bilbo, must leave his home in order to keep it from falling into the hands of its evil creator. Along the way, a fellowship is formed to protect the ringbearer and make sure that the ring arrives at its final destination: Mt. Doom, the only place where it can be destroyed.|https://image.tmdb.org/t/p/original/6oom5QYQ2yQTMJIbnvbkBL9cHo6.jpg|https://image.tmdb.org/t/p/original/x2RS3uTcsJJ9IfjNPcgDmukoEcQ.jpg|103.676|8.4|23349|2023-10-05 23:17:57
42|995133|The Boy, the Mole, the Fox and the Horse|en|The unlikely friendship of a boy, a mole, a fox and a horse traveling together in the boy’s search for home.|https://image.tmdb.org/t/p/original/oQRgyQCzcyZvE6w5heM9ktVY0LT.jpg|https://image.tmdb.org/t/p/original/wxaBkuqVIgImjRHEMJoxL9Lq6i8.jpg|20.557|8.4|398|2023-10-05 23:17:57
43|40096|A Dog's Will|pt|The lively João Grilo and the sly Chicó are poor guys living in the hinterland who cheat a bunch of people in a small in Northeastern Brazil. When they die, they have to be judged by Christ, the Devil and the Virgin Mary before they are admitted to paradise.|https://image.tmdb.org/t/p/original/m8eFedsS7vQCZCS8WGp5n1bVD0q.jpg|https://image.tmdb.org/t/p/original/xw1gA0lm0AEhGLoR6sE8IYCQAV4.jpg|13.097|8.4|1011|2023-10-05 23:17:57
44|1891|The Empire Strikes Back|en|The epic saga continues as Luke Skywalker, in hopes of defeating the evil Galactic Empire, learns the ways of the Jedi from aging master Yoda. But Darth Vader is more determined than ever to capture Luke. Meanwhile, rebel leader Princess Leia, cocky Han Solo, Chewbacca, and droids C-3PO and R2-D2 are thrown into various stages of capture, betrayal and despair.|https://image.tmdb.org/t/p/original/nNAeTmF4CtdSgMDplXTDPOpYzsX.jpg|https://image.tmdb.org/t/p/original/aJCtkxLLzkk1pECehVjKHA2lBgw.jpg|33.136|8.4|15791|2023-10-05 23:17:57
45|121|The Lord of the Rings: The Two Towers|en|Frodo and Sam are trekking to Mordor to destroy the One Ring of Power while Gimli, Legolas and Aragorn search for the orc-captured Merry and Pippin. All along, nefarious wizard Saruman awaits the Fellowship members at the Orthanc Tower in Isengard.|https://image.tmdb.org/t/p/original/5VTN0pR8gcqV3EPUHHfMGnJYN9L.jpg|https://image.tmdb.org/t/p/original/zcc0My3G4SYR72VuEYHNcUWkkW0.jpg|78.166|8.4|20296|2023-10-05 23:17:57
46|423|The Pianist|en|The true story of pianist Władysław Szpilman's experiences in Warsaw during the Nazi occupation. When the Jews of the city find themselves forced into a ghetto, Szpilman finds work playing in a café; and when his family is deported in 1942, he stays behind, works for a while as a laborer, and eventually goes into hiding in the ruins of the war-torn city.|https://image.tmdb.org/t/p/original/2hFvxCCWrTmCYwfy7yum0GKRi3Y.jpg|https://image.tmdb.org/t/p/original/dVr11o9or7AS8AMPfwjSpEU83iU.jpg|39.881|8.4|8369|2023-10-05 23:17:57
47|244786|Whiplash|en|Under the direction of a ruthless instructor, a talented young drummer begins to pursue perfection at any cost, even his humanity.|https://image.tmdb.org/t/p/original/7fn624j5lj3xTme2SgiLCeuedmO.jpg|https://image.tmdb.org/t/p/original/vNXGrknx4GjWLgmuNTftWZluIUl.jpg|71.636|8.4|13904|2023-10-05 23:17:57
48|255709|Hope|ko|After 8-year-old So-won narrowly survives a brutal sexual assault, her family labors to help her heal while coping with their own rage and grief.|https://image.tmdb.org/t/p/original/x9yjkm9gIz5qI5fJMUTfBnWiB2o.jpg|https://image.tmdb.org/t/p/original/l5K9elugftlcyIHHm4nylvsn26X.jpg|16.906|8.4|577|2023-10-05 23:17:57
49|807|Se7en|en|Two homicide detectives are on a desperate hunt for a serial killer whose crimes are based on the seven deadly sins in this dark and haunting film that takes viewers from the tortured remains of one victim to the next. The seasoned Det. Sommerset researches each sin in an effort to get inside the killer's mind, while his novice partner, Mills, scoffs at his efforts to unravel the case.|https://image.tmdb.org/t/p/original/6yoghtyTpznpBik8EngEmJskVUO.jpg|https://image.tmdb.org/t/p/original/hWrxRwnnisPE4LJdER3FmdeM39b.jpg|58.117|8.4|19423|2023-10-05 23:17:57
50|27205|Inception|en|Cobb, a skilled thief who commits corporate espionage by infiltrating the subconscious of his targets is offered a chance to regain his old life as payment for a task considered to be impossible: inception, the implantation of another person's idea into a target's subconscious.|https://image.tmdb.org/t/p/original/oYuLEt3zVCKq57qu2F8dT7NIa6f.jpg|https://image.tmdb.org/t/p/original/8ZTVqvKDQ8emSGUEMjsS4yHAwrp.jpg|86.51|8.4|34529|2023-10-05 23:17:57
51|92321|Hotarubi no Mori e|ja|One hot summer day a little girl gets lost in an enchanted forest of the mountain god where spirits reside. A young boy appears before her, but she cannot touch him for fear of making him disappear. And so a wondrous adventure awaits...|https://image.tmdb.org/t/p/original/mDqzHV8UXWWNpZkoAbKmKX1ZxEE.jpg|https://image.tmdb.org/t/p/original/qknxyRgP6UTmwJ4B9tDAmzHMq7u.jpg|0.6|8.4|993|2023-10-05 23:17:57
52|567|Rear Window|en|A wheelchair-bound photographer spies on his neighbors from his apartment window and becomes convinced one of them has committed murder.|https://image.tmdb.org/t/p/original/qitnZcLP7C9DLRuPpmvZ7GiEjJN.jpg|https://image.tmdb.org/t/p/original/8aEe01VfGtYG2dFy9V5MqyyNPlh.jpg|24.643|8.4|5900|2023-10-05 23:17:57
53|73|American History X|en|Derek Vineyard is paroled after serving 3 years in prison for killing two African-American men. Through his brother, Danny Vineyard's narration, we learn that before going to prison, Derek was a skinhead and the leader of a violent white supremacist gang that committed acts of racial crime throughout L.A. and his actions greatly influenced Danny. Reformed and fresh out of prison, Derek severs contact with the gang and becomes determined to keep Danny from going down the same violent path as he did.|https://image.tmdb.org/t/p/original/euypWkaYFOLW3e5rLIcTAjWnhhT.jpg|https://image.tmdb.org/t/p/original/9LSsSPbP715XT9B7acIZzantPyX.jpg|31.766|8.4|10743|2023-10-05 23:17:57
54|820067|The Quintessential Quintuplets Movie|ja|When five lovely young girls who hate studying hire part-time tutor Futaro, he guides not only their education but also their hearts. Time spent has brought them all closer, with feelings growing within the girls and Futaro. As they finish their third year of high school and their last school festival approaches, they set their sights on what’s next. Is there a future with one of them and Futaro?|https://image.tmdb.org/t/p/original/sg7klpt1xwK1IJirBI9EHaqQwJ5.jpg|https://image.tmdb.org/t/p/original/jBIMZ0AlUYuFNsKbd4L6FojWMoy.jpg|56.656|8.3|328|2023-10-05 23:17:57
55|652837|Josee, the Tiger and the Fish|ja|With dreams of diving abroad, Tsuneo gets a job assisting Josee, an artist whose imagination takes her far beyond her wheelchair. But when the tide turns against them, they push each other to places they never thought possible, and inspire a love fit for a storybook.|https://image.tmdb.org/t/p/original/xAbSLi61npWyVs5M0yxin3dKcGO.jpg|https://image.tmdb.org/t/p/original/i1GT0e6Crg6UezT3ibXnMS3pBAd.jpg|24.304|8.3|367|2023-10-05 23:17:57
56|274|The Silence of the Lambs|en|Clarice Starling is a top student at the FBI's training academy.  Jack Crawford wants Clarice to interview Dr. Hannibal Lecter, a brilliant psychiatrist who is also a violent psychopath, serving life behind bars for various acts of murder and cannibalism.  Crawford believes that Lecter may have insight into a case and that Starling, as an attractive young woman, may be just the bait to draw him out.|https://image.tmdb.org/t/p/original/uS9m8OBk1A8eM9I042bx8XXpqAq.jpg|https://image.tmdb.org/t/p/original/mfwq2nMBzArzQ7Y9RKE8SKeeTkg.jpg|14.853|8.3|15026|2023-10-05 23:17:57
57|18491|Neon Genesis Evangelion: The End of Evangelion|ja|The second of two theatrically released follow-ups to the Neon Genesis Evangelion series. Comprising of two alternate episodes which were first intended to take the place of episodes 25 and 26, this finale answers many of the questions surrounding the series, while also opening up some new possibilities.|https://image.tmdb.org/t/p/original/j6G24dqI4WgUtChhWjfnI4lnmiK.jpg|https://image.tmdb.org/t/p/original/AfyuI3glMCBDFmNPj9PY6DwbgGp.jpg|48.297|8.3|1380|2023-10-05 23:17:57
58|599|Sunset Boulevard|en|A hack screenwriter writes a screenplay for a former silent film star who has faded into Hollywood obscurity.|https://image.tmdb.org/t/p/original/sC4Dpmn87oz9AuxZ15Lmip0Ftgr.jpg|https://image.tmdb.org/t/p/original/p47ihFj4A7EpBjmPHdTj4ipyq1S.jpg|18.259|8.3|2324|2023-10-05 23:17:57
59|128|Princess Mononoke|ja|Ashitaka, a prince of the disappearing Emishi people, is cursed by a demonized boar god and must journey to the west to find a cure. Along the way, he encounters San, a young human woman fighting to protect the forest, and Lady Eboshi, who is trying to destroy it. Ashitaka must find a way to bring balance to this conflict.|https://image.tmdb.org/t/p/original/cMYCDADoLKLbB83g4WnJegaZimC.jpg|https://image.tmdb.org/t/p/original/gl0jzn4BupSbL2qMVeqrjKkF9Js.jpg|43.291|8.3|7234|2023-10-05 23:17:57
60|3782|Ikiru|ja|Kanji Watanabe is a middle-aged man who has worked in the same monotonous bureaucratic position for decades. Learning he has cancer, he starts to look for the meaning of his life.|https://image.tmdb.org/t/p/original/dgNTS4EQDDVfkzJI5msKuHu2Ei3.jpg|https://image.tmdb.org/t/p/original/5qtOVAcBFogwktkseoZSfZVq6bx.jpg|13.922|8.3|983|2023-10-05 23:17:57
61|914|The Great Dictator|en|Dictator Adenoid Hynkel tries to expand his empire while a poor Jewish barber tries to avoid persecution from Hynkel's regime.|https://image.tmdb.org/t/p/original/1QpO9wo7JWecZ4NiBuu625FiY1j.jpg|https://image.tmdb.org/t/p/original/8AMKZODrCvWe2sCy9Ts7VsLcKd6.jpg|17.877|8.3|3043|2023-10-05 23:17:57
62|533514|Violet Evergarden: The Movie|ja|As the world moves on from the war and technological advances bring changes to her life, Violet still hopes to see her lost commanding officer again.|https://image.tmdb.org/t/p/original/A9R6bukzzRmOzxvDQsXdQpeNm8l.jpg|https://image.tmdb.org/t/p/original/aLqtWLA6NQHBwQHvHDq5z4EKUm0.jpg|30.977|8.3|346|2023-10-05 23:17:57
63|12493|High and Low|ja|A shoe company executive who has mortgaged everything he has becomes a victim of extortion when his chauffeur's son is kidnapped and is conflicted over whether he should pay the ransom.|https://image.tmdb.org/t/p/original/tgNjemQPG96uIezpiUiXFcer5ga.jpg|https://image.tmdb.org/t/p/original/A62quSOB8otoZvGiLvMVZ9G4BiO.jpg|11.641|8.3|750|2023-10-05 23:17:57
64|644479|Dedicated to my ex|es|The film tells the story of Ariel, a 21-year-old who decides to form a rock band to compete for a prize of ten thousand dollars in a musical band contest, this as a last option when trying to get money to save their relationship and reunite with his ex-girlfriend, which breaks due to the trip she must make to Finland for an internship. Ariel with her friend Ortega, decides to make a casting to find the other members of the band, although they do not know nothing about music, thus forming a band with members that have diverse and opposite personalities.|https://image.tmdb.org/t/p/original/xc4bTXVwYNXi10jG9dwcaYt5IpU.jpg|https://image.tmdb.org/t/p/original/1fOsyhVz5qyX2rl1qqX6KImVhTx.jpg|7.617|8.3|487|2023-10-05 23:17:57
65|101|Léon: The Professional|en|Léon, the top hit man in New York, has earned a rep as an effective cleaner. But when his next-door neighbors are wiped out by a loose-cannon DEA agent, he becomes the unwilling custodian of 12-year-old Mathilda. Before long, Mathilda's thoughts turn to revenge, and she considers following in Léon's footsteps.|https://image.tmdb.org/t/p/original/yI6X2cCM5YPJtxMhUd3dPGqDAhw.jpg|https://image.tmdb.org/t/p/original/jRJrQ72VLyEnVsvwfep8Xjlvu8c.jpg|44.547|8.3|13677|2023-10-05 23:17:57
66|15804|A Brighter Summer Day|zh|A boy experiences first love, friendships and injustices growing up in 1960s Taiwan.|https://image.tmdb.org/t/p/original/3l8fOAwiN3N5n3hHnZ51eog7Zu2.jpg|https://image.tmdb.org/t/p/original/qMMaTIUTxCcRRrwgNsna8EUAd1z.jpg|13.728|8.3|271|2023-10-05 23:17:57
67|105|Back to the Future|en|Eighties teenager Marty McFly is accidentally sent back in time to 1955, inadvertently disrupting his parents' first meeting and attracting his mother's romantic interest. Marty must repair the damage to history by rekindling his parents' romance and - with the help of his eccentric inventor friend Doc Brown - return to 1985.|https://image.tmdb.org/t/p/original/fNOH9f1aA7XRTzl1sAOx9iF553Q.jpg|https://image.tmdb.org/t/p/original/5bzPWQ2dFUl2aZKkp7ILJVVkRed.jpg|67.037|8.3|18468|2023-10-05 23:17:57
68|207|Dead Poets Society|en|At an elite, old-fashioned boarding school in New England, a passionate English teacher inspires his students to rebel against convention and seize the potential of every day, courting the disdain of the stern headmaster.|https://image.tmdb.org/t/p/original/azrIJJfdEL3UQhBmWhFe2b7bSCX.jpg|https://image.tmdb.org/t/p/original/hpzQHv8cA7j2Dn2CphOFYmllXzj.jpg|40.807|8.3|10324|2023-10-05 23:17:57
69|901|City Lights|en|In this sound-era silent film, a tramp falls in love with a beautiful blind flower seller.|https://image.tmdb.org/t/p/original/bXNvzjULc9jrOVhGfjcc64uKZmZ.jpg|https://image.tmdb.org/t/p/original/n0Cju2Eu3VyrUFl32thblHFWznA.jpg|17.779|8.3|1962|2023-10-05 23:17:57
70|29259|Le Trou|fr|Four prison inmates have been hatching a plan to literally dig out of jail when another prisoner, Claude Gaspard, is moved into their cell. They take a risk and share their plan with the newcomer. Over the course of three days, the prisoners and friends break through the concrete floor using a bed post and begin to make their way through the sewer system -- yet their escape is anything but assured.|https://image.tmdb.org/t/p/original/nsVjgNxWTkaFCMuBLhiLHkcoTnt.jpg|https://image.tmdb.org/t/p/original/f72GEQF2lKsdmEULSI9bWCbQylH.jpg|14.694|8.3|408|2023-10-05 23:17:57
71|25237|Come and See|ru|The invasion of a village in Byelorussia by German forces sends young Florya into the forest to join the weary Resistance fighters, against his family's wishes. There he meets a girl, Glasha, who accompanies him back to his village. On returning home, Florya finds his family and fellow peasants massacred. His continued survival amidst the brutal debris of war becomes increasingly nightmarish, a battle between despair and hope.|https://image.tmdb.org/t/p/original/qNbMsKVzigERgJUbwf8pKyZogpb.jpg|https://image.tmdb.org/t/p/original/6C1U0cKK5zGjyUSwNc5GLSVCr7Y.jpg|67.222|8.3|1213|2023-10-05 23:17:57
72|3082|Modern Times|en|The Tramp struggles to live in modern industrial society with the help of a young homeless woman.|https://image.tmdb.org/t/p/original/7uoiKOEjxBBW0AgDGQWrlfGQ90w.jpg|https://image.tmdb.org/t/p/original/kSlO1pHpwQfPQdgVPr7dJiJNtJ8.jpg|18.192|8.3|3399|2023-10-05 23:17:57
73|630566|Clouds|en|Young musician Zach Sobiech discovers his cancer has spread, leaving him just a few months to live. With limited time, he follows his dream and makes an album, unaware that it will soon be a viral music phenomenon.|https://image.tmdb.org/t/p/original/d0OdD1I8qAfETvE9Rp9Voq7R8LR.jpg|https://image.tmdb.org/t/p/original/nbAbAk80aWCpOS5kOPYJ1L9kE1R.jpg|18.349|8.3|956|2023-10-05 23:17:57
74|335|Once Upon a Time in the West|it|As the railroad builders advance unstoppably through the Arizona desert on their way to the sea, Jill arrives in the small town of Flagstone with the intention of starting a new life.|https://image.tmdb.org/t/p/original/qbYgqOczabWNn2XKwgMtVrntD6P.jpg|https://image.tmdb.org/t/p/original/vmryZ1Bkko8P2utNaJeO2Yo2Bx4.jpg|41.363|8.3|3927|2023-10-05 23:17:57
75|10494|Perfect Blue|ja|Pop singer Mima Kirigow looks forward to a bright new career when she quits her chart-topping trio to become an actress. When she lands a role in a sexually charged murder mystery, Mima’s life begins to fall apart.|https://image.tmdb.org/t/p/original/bee6ZQVaSAUhlBinsP9In8x8vO1.jpg|https://image.tmdb.org/t/p/original/A1Larywbw79kZQqkvCEiPHJqdLN.jpg|27.296|8.3|2180|2023-10-05 23:17:57
76|447362|Life in a Year|en|A 17 year old finds out that his girlfriend is dying, so he sets out to give her an entire life, in the last year she has left.|https://image.tmdb.org/t/p/original/bP7u19opmHXYeTCUwGjlLldmUMc.jpg|https://image.tmdb.org/t/p/original/88J6waYVTta8Qz3iX3qUeWNA5d5.jpg|32.959|8.3|1557|2023-10-05 23:17:57
77|283566|Evangelion: 3.0+1.0 Thrice Upon a Time|ja|In the aftermath of the Fourth Impact, stranded without their Evangelions, Shinji, Asuka and Rei find refuge in one of the rare pockets of humanity that still exist on the ruined planet Earth. There, each lives a life far different from their days as an Evangelion pilot. However, the danger to the world is far from over. A new impact is looming on the horizon—one that will prove to be the true end of Evangelion.|https://image.tmdb.org/t/p/original/md5wZRRj8biHrGtyitgBZo7674t.jpg|https://image.tmdb.org/t/p/original/1EAxNqdkVnp48a7NUuNBHGflowM.jpg|29.644|8.3|694|2023-10-05 23:17:57
78|527641|Five Feet Apart|en|Seventeen-year-old Stella spends most of her time in the hospital as a cystic fibrosis patient. Her life is full of routines, boundaries and self-control — all of which get put to the test when she meets Will, an impossibly charming teen who has the same illness. There's an instant flirtation, though restrictions dictate that they must maintain a safe distance between them. As their connection intensifies, so does the temptation to throw the rules out the window and embrace that attraction.|https://image.tmdb.org/t/p/original/kreTuJBkUjVWePRfhHZuYfhNE1T.jpg|https://image.tmdb.org/t/p/original/27ZkYMWynuK2qiDP6awc3MsCaOs.jpg|43.317|8.3|5259|2023-10-05 23:17:57
79|28|Apocalypse Now|en|At the height of the Vietnam war, Captain Benjamin Willard is sent on a dangerous mission that, officially, does not exist, nor will it ever exist. His goal is to locate - and eliminate - a mysterious Green Beret Colonel named Walter Kurtz, who has been leading his personal army on illegal guerrilla missions into enemy territory.|https://image.tmdb.org/t/p/original/eQVH91OSxh5I2uRfJuw4owd2Fq9.jpg|https://image.tmdb.org/t/p/original/9Qs9oyn4iE8QtQjGZ0Hp2WyYNXT.jpg|32.427|8.3|7492|2023-10-05 23:17:57
80|16672|Woman in the Dunes|ja|An entomologist suffers extreme psychological and sexual torture after being taken captive by the residents of a poor seaside village.|https://image.tmdb.org/t/p/original/f0JpsMQ9oEjKBD66Ky3qK3z7LGT.jpg|https://image.tmdb.org/t/p/original/oOM2JzhVBjWyZFHW2iBQQ8A3znY.jpg|14.683|8.3|360|2023-10-05 23:17:57
81|632632|Given|ja|The relationship between a band's bassist, their drummer, and the drummer’s roommate and ex-boyfriend, who is a professional violinist.|https://image.tmdb.org/t/p/original/3trPz7muDOv4AHjDZiD3MLGls2Q.jpg|https://image.tmdb.org/t/p/original/u1wHUA0R48FH4WV3sGqjwx3aNZm.jpg|15.01|8.3|364|2023-10-05 23:17:57
82|77338|The Intouchables|fr|A true story of two men who should never have met – a quadriplegic aristocrat who was injured in a paragliding accident and a young man from the projects.|https://image.tmdb.org/t/p/original/323BP0itpxTsO0skTwdnVmf7YC9.jpg|https://image.tmdb.org/t/p/original/bGksau9GGu0uJ8DJQ8DYc9JW5LM.jpg|43.346|8.3|16096|2023-10-05 23:17:57
83|975|Paths of Glory|en|A commanding officer defends three scapegoats on trial for a failed offensive that occurred within the French Army in 1916.|https://image.tmdb.org/t/p/original/l2IY0gOHHmCWM90LjteFssxIV1G.jpg|https://image.tmdb.org/t/p/original/3G9YiVm0bQB1XyyyiDzfeNCiFLw.jpg|24.865|8.3|2575|2023-10-05 23:17:57
84|637920|Miracle in Cell No. 7|tr|Separated from his daughter, a father with an intellectual disability must prove his innocence when he is jailed for the death of a commander's child.|https://image.tmdb.org/t/p/original/bOth4QmNyEkalwahfPCfiXjNh1r.jpg|https://image.tmdb.org/t/p/original/4YbHir4Ka4kG7WOdh0anXv1iT8s.jpg|41.03|8.3|4218|2023-10-05 23:17:57
85|670|Oldboy|ko|With no clue how he came to be imprisoned, drugged and tortured for 15 years, a desperate businessman seeks revenge on his captors.|https://image.tmdb.org/t/p/original/pWDtjs568ZfOTMbURQBYuT4Qxka.jpg|https://image.tmdb.org/t/p/original/sdwjQEM869JFwMytTmvr6ggvaUl.jpg|49.055|8.3|7798|2023-10-05 23:17:57
86|20334|The Shop Around the Corner|en|Two employees at a gift shop can barely stand one another, without realising that they are falling in love through the post as each other's anonymous pen pal.|https://image.tmdb.org/t/p/original/dZ1aEzGYRiqJwPfjS6VL7wUkHmF.jpg|https://image.tmdb.org/t/p/original/wqgZSvgoctaadgwUdPYVsksivxn.jpg|19.82|8.3|631|2023-10-05 23:17:57
87|795607|Green Snake|zh|While trying to free her sister from Fahai's clutches, Xiao Qing winds up in a dystopian city and meets a mysterious man who can't recall his past life.|https://image.tmdb.org/t/p/original/1zs5zsQDP5KuWwxIg9EUULLFEV.jpg|https://image.tmdb.org/t/p/original/5QWHHjwIPoaJYHNVL0D00bxDUUC.jpg|17.995|8.3|267|2023-10-05 23:17:57
88|315162|Puss in Boots: The Last Wish|en|Puss in Boots discovers that his passion for adventure has taken its toll: He has burned through eight of his nine lives, leaving him with only one life left. Puss sets out on an epic journey to find the mythical Last Wish and restore his nine lives.|https://image.tmdb.org/t/p/original/kuf6dutpsT0vSVehic3EZIqkOBt.jpg|https://image.tmdb.org/t/p/original/b1Y8SUb12gPHCSSSNlbX4nB3IKy.jpg|234.078|8.3|6417|2023-10-05 23:17:57
89|897429|All Too Well: The Short Film|en|Short film featuring the extended version of the song “All Too Well” by Taylor Swift. A troubled couple's romance blossoms before it eventually falls apart.|https://image.tmdb.org/t/p/original/zfgHyodGNdtBxO8R7d0qmR2JSEz.jpg|https://image.tmdb.org/t/p/original/4WQazr0JlLNgEybdeL4jTxbUrRt.jpg|5.491|8.3|220|2023-10-05 23:17:57
90|10376|The Legend of 1900|it|The story of a virtuoso piano player who lives his entire life aboard an ocean liner. Born and raised on the ship, 1900 (Tim Roth) learned about the outside world through interactions with passengers, never setting foot on land, even for the love of his life. Years later, the ship may be destroyed, and a former band member fears that 1900 may still be aboard, willing to go down with the ship.|https://image.tmdb.org/t/p/original/iOcbJ5pxokOPDRgieVDbsFMrCc6.jpg|https://image.tmdb.org/t/p/original/6rmb35g7XoMCMQtnbH0rUecFZlV.jpg|19.325|8.3|2086|2023-10-05 23:17:57
91|299534|Avengers: Endgame|en|After the devastating events of Avengers: Infinity War, the universe is in ruins due to the efforts of the Mad Titan, Thanos. With the help of remaining allies, the Avengers must assemble once more in order to undo Thanos' actions and restore order to the universe once and for all, no matter what consequences may be in store.|https://image.tmdb.org/t/p/original/or06FN3Dka5tukK1e9sl16pB3iy.jpg|https://image.tmdb.org/t/p/original/7RyHsO4yDXtBv1zUU3mTpHeQ0d5.jpg|93.294|8.3|23876|2023-10-05 23:17:57
92|618344|Justice League Dark: Apokolips War|en|Earth is decimated after intergalactic tyrant Darkseid has devastated the Justice League in a poorly executed war by the DC Super Heroes. Now the remaining bastions of good – the Justice League, Teen Titans, Suicide Squad and assorted others – must regroup, strategize and take the war to Darkseid in order to save the planet and its surviving inhabitants.|https://image.tmdb.org/t/p/original/c01Y4suApJ1Wic2xLmaq1QYcfoZ.jpg|https://image.tmdb.org/t/p/original/sQkRiQo3nLrQYMXZodDjNUJKHZV.jpg|28.739|8.3|1356|2023-10-05 23:17:57
93|635302|Demon Slayer -Kimetsu no Yaiba- The Movie: Mugen Train|ja|Tanjiro Kamado, joined with Inosuke Hashibira, a boy raised by boars who wears a boar's head, and Zenitsu Agatsuma, a scared boy who reveals his true power when he sleeps, boards the Infinity Train on a new mission with the Fire Hashira, Kyojuro Rengoku, to defeat a demon who has been tormenting the people and killing the demon slayers who oppose it!|https://image.tmdb.org/t/p/original/h8Rb9gBr48ODIwYUttZNYeMWeUU.jpg|https://image.tmdb.org/t/p/original/xPpXYnCWfjkt3zzE0dpCNME1pXF.jpg|85.98|8.3|3418|2023-10-05 23:17:57
94|361743|Top Gun: Maverick|en|After more than thirty years of service as one of the Navy’s top aviators, and dodging the advancement in rank that would ground him, Pete “Maverick” Mitchell finds himself training a detachment of TOP GUN graduates for a specialized mission the likes of which no living pilot has ever seen.|https://image.tmdb.org/t/p/original/62HCnUTziyWcpDaBO2i1DX17ljH.jpg|https://image.tmdb.org/t/p/original/AaV1YIdWKnjAIAOe8UUKBFm327v.jpg|143.885|8.3|7570|2023-10-05 23:17:57
95|1585|It's a Wonderful Life|en|A holiday favourite for generations...  George Bailey has spent his entire life giving to the people of Bedford Falls.  All that prevents rich skinflint Mr. Potter from taking over the entire town is George's modest building and loan company.  But on Christmas Eve the business's $8,000 is lost and George's troubles begin.|https://image.tmdb.org/t/p/original/mV3VcmMJN6Zwahj42dy9WwPUyRI.jpg|https://image.tmdb.org/t/p/original/ch3lDc4xQ9MpsNEpnRhvR8PIxxK.jpg|40.468|8.3|3864|2023-10-05 23:17:57
96|872585|Oppenheimer|en|The story of J. Robert Oppenheimer’s role in the development of the atomic bomb during World War II.|https://image.tmdb.org/t/p/original/8Gxv8gSFCU0XGDykEGv7zR1n2ua.jpg|https://image.tmdb.org/t/p/original/fm6KqXpk3M2HVveHwCrBSSBaO0V.jpg|364.251|8.3|3796|2023-10-05 23:17:57
97|504253|I Want to Eat Your Pancreas|ja|After his classmate and crush is diagnosed with a pancreatic disease, an average high schooler sets out to make the most of her final days.|https://image.tmdb.org/t/p/original/qpV8kvRfAntV7D4aOOsLIz7OdPc.jpg|https://image.tmdb.org/t/p/original/YLyORLsYIjC0d1TFBSpJKk7piP.jpg|26.747|8.3|1333|2023-10-05 23:17:57
98|8587|The Lion King|en|A young lion prince is cast out of his pride by his cruel uncle, who claims he killed his father. While the uncle rules with an iron paw, the prince grows up beyond the Savannah, living by a philosophy: No worries for the rest of your days. But when his past comes to haunt him, the young prince must decide his fate: Will he remain an outcast or face his demons and become what he needs to be?|https://image.tmdb.org/t/p/original/sKCr78MXSLixwmZ8DyJLrpMsd15.jpg|https://image.tmdb.org/t/p/original/yDaMQbBfyGzGWKxUsPMxzWVuJlY.jpg|99.489|8.3|17012|2023-10-05 23:17:57
99|299536|Avengers: Infinity War|en|As the Avengers and their allies have continued to protect the world from threats too large for any one hero to handle, a new danger has emerged from the cosmic shadows: Thanos. A despot of intergalactic infamy, his goal is to collect all six Infinity Stones, artifacts of unimaginable power, and use them to inflict his twisted will on all of reality. Everything the Avengers have fought for has led up to this moment - the fate of Earth and existence itself has never been more uncertain.|https://image.tmdb.org/t/p/original/7WsyChQLEftFiDOVTGkv3hFpyyt.jpg|https://image.tmdb.org/t/p/original/mDfJG3LC3Dqb67AZ52x3Z0jU0uB.jpg|147.221|8.3|27732|2023-10-05 23:17:57
100|537061|Steven Universe: The Movie|en|Two years after bringing peace to the galaxy, Steven Universe sees his past come back to haunt him in the form of a deranged Gem who wants to destroy the Earth.|https://image.tmdb.org/t/p/original/8mRgpubxHqnqvENK4Bei30xMDvy.jpg|https://image.tmdb.org/t/p/original/dW7F0nNVbjFesNKdw950GJ07T4p.jpg|19.836|8.3|772|2023-10-05 23:17:57
